{
  "project_info": {
    "project_number": "1063791263504",
    "firebase_url": "https://rockpaperscissor-bb7e9.firebaseio.com",
    "project_id": "rockpaperscissor-bb7e9",
    "storage_bucket": "rockpaperscissor-bb7e9.appspot.com"
  },
  "client": [
    {
      "client_info": {
        "mobilesdk_app_id": "1:1063791263504:android:37a2cf089b8b5b36",
        "android_client_info": {
          "package_name": "com.example.shivam.rockpaperscissor"
        }
      },
      "oauth_client": [
        {
          "client_id": "1063791263504-lgqp1lhuhhprouscjuhk0ks18vtkic18.apps.googleusercontent.com",
          "client_type": 1,
          "android_info": {
            "package_name": "com.example.shivam.rockpaperscissor",
            "certificate_hash": "2bcab41bf26dab2dc677ca48f6b9b73a790db46c"
          }
        },
        {
          "client_id": "1063791263504-euovvn1jpeukdml19fchav13m26c0pum.apps.googleusercontent.com",
          "client_type": 3
        }
      ],
      "api_key": [
        {
          "current_key": "AIzaSyABboEXedloCYZWU6gHywB6yQ8E59P4WtM"
        }
      ],
      "services": {
        "analytics_service": {
          "status": 1
        },
        "appinvite_service": {
          "status": 2,
          "other_platform_oauth_client": [
            {
              "client_id": "1063791263504-euovvn1jpeukdml19fchav13m26c0pum.apps.googleusercontent.com",
              "client_type": 3
            }
          ]
        },
        "ads_service": {
          "status": 2
        }
      }
    }
  ],
  "configuration_version": "1"
}